-- phpMyAdmin SQL Dump
-- version 5.2.1
-- https://www.phpmyadmin.net/
--
-- Host: 127.0.0.1
-- Generation Time: Jan 09, 2026 at 08:44 AM
-- Server version: 10.4.32-MariaDB
-- PHP Version: 8.2.12

SET SQL_MODE = "NO_AUTO_VALUE_ON_ZERO";
START TRANSACTION;
SET time_zone = "+00:00";


/*!40101 SET @OLD_CHARACTER_SET_CLIENT=@@CHARACTER_SET_CLIENT */;
/*!40101 SET @OLD_CHARACTER_SET_RESULTS=@@CHARACTER_SET_RESULTS */;
/*!40101 SET @OLD_COLLATION_CONNECTION=@@COLLATION_CONNECTION */;
/*!40101 SET NAMES utf8mb4 */;

--
-- Database: `appointment_reminder_system`
--

-- --------------------------------------------------------

--
-- Table structure for table `groupwork`
--

CREATE TABLE `groupwork` (
  `id_group` int(11) NOT NULL COMMENT 'รหัสกลุ่มงาน',
  `num_group` varchar(20) NOT NULL,
  `groupname` varchar(200) DEFAULT NULL COMMENT 'ชื่อกลุ่มงาน',
  `num_st` varchar(20) NOT NULL,
  `tower_no` varchar(20) NOT NULL,
  `floor_no` varchar(20) NOT NULL
) ENGINE=InnoDB DEFAULT CHARSET=utf8 COLLATE=utf8_general_ci COMMENT='ตารางกลุ่มงาน' ROW_FORMAT=DYNAMIC;

--
-- Dumping data for table `groupwork`
--

INSERT INTO `groupwork` (`id_group`, `num_group`, `groupname`, `num_st`, `tower_no`, `floor_no`) VALUES
(7, '1', 'องค์กรแพทย์', 'สธ.0315.2(50)/', '2', '5'),
(8, '2', 'งานบริหารทั่วไป', 'สธ.0315.2(10.1)/', '2', '5'),
(9, '3', 'งานประชาสัมพันธ์', 'สธ.0315.2(10.1)/', '2', '1'),
(10, '4', 'งานยานพาหนะ', 'สธ.0315.2(10.1)/', '', ''),
(11, '5', 'เลขาผู้อำนวยการ', 'สธ.0315.2(09)/', '2', '5'),
(12, '6', 'งานทรัพยากรบุคคล', 'สธ.0315.2(10.6)/', '2', '5'),
(13, '7', 'งานยุทธศาสตร์และแผนงาน', 'สธ.0315.2(10.5)/', '2', '5'),
(14, '8', 'งานอาคารสถานที่', 'สธ.0315.2(10.4)/', '2', '5'),
(15, '9', 'งานบำบัดน้ำเสียและกำจัดขยะ', 'สธ.0315.2(10.4)/', '', ''),
(16, '10', 'งานการเงิน', 'สธ.0315.2(10.2)/', '', ''),
(17, '11', 'งานบัญชี', 'สธ.0315.2(10.2)/', '', ''),
(18, '12', 'งานพัสดุ', 'สธ.0315.2(10.3)/', '', ''),
(19, '13', 'งานช่างซ่อมบำรุง', 'สธ.0315.2(10.3)/', '', ''),
(20, '14', 'ภารกิจด้านวิชาการและการแพทย์', '', '', ''),
(21, '15', 'กลุ่มงานรังสีรักษา', 'สธ.0315.2(20.7)/', '', ''),
(22, '16', 'งานรังสีวินิจฉัย', 'สธ.0315.2(20.8)/', '', ''),
(23, '17', 'งานเวชศาสตร์นิวเคลียร์', 'สธ.0315.2(20.8.1)/', '', ''),
(24, '18', 'งานพยาธิวิทยาคลินิก', 'สธ.0315.2(20.9.2)/', '', ''),
(25, '19', 'งานพยาธิวิทยากายวิภาค', 'สธ.0315.2(20.9.1)/', '', ''),
(26, '20', 'งานทันตกรรม', '', '', ''),
(27, '21', 'งานเภสัชกรรม ', 'สธ.0315.2(20.13)/', '', ''),
(28, '22', 'งานโภชนศาสตร์ ', 'สธ.0315.2(20.14)/', '', ''),
(29, '23', 'งานวิชาการพยาบาล', 'สธ.0315.2(30.1)/', '', ''),
(30, '24', 'งานป้องกันและควบคุมการติดเชื้อ', 'สธ.0315.2(30.1)/', '', ''),
(31, '25', 'งานการพยาบาลส่งเสริมคุณภาพชีวิต', '', '', ''),
(32, '26', 'งานซักฟอกและตัดเย็บ', 'สธ.0315.2(30.1)/', '', ''),
(33, '27', 'งานการพยาบาลผู้ป่วยนอก', 'สธ.0315.2(30.2.3)/', '', ''),
(34, '28', 'งานพยาบาลผู้ป่วยนอกศัลยกรรม', 'สธ.0315.2(30.2.2)/', '', ''),
(35, '29', 'งานการพยาบาลผู้ป่วยนอกรังสีรักษา', 'สธ.0315.2(30.2.4)/', '', ''),
(36, '30', 'งานการพยาบาลผู้ป่วยนอกเคมีบำบัด', 'สธ.0315.2(30.2.5)/', '', ''),
(37, '31', 'งานการพยาบาลตรวจรักษาพิเศษ', 'สธ.0315.2(30.2.1)/', '', ''),
(38, '32', 'งานศูนย์เปล', 'สธ.0315.2(30.2.1)/', '', ''),
(39, '33', 'งานหอผู้ป่วยศัลยกรรมหญิง ', 'สธ.0315.2(30.3)/', '', ''),
(40, '34', 'งานหอผู้ป่วยสามัญหญิง ', 'สธ.0315.2(30.3)/', '', ''),
(41, '35', 'งานหอผู้ป่วยศัลยกรรมชาย ', 'สธ.0315.2(30.3)/', '', ''),
(42, '36', 'งานหอผู้ป่วยสามัญชาย', 'สธ.0315.2(30.3)/', '', ''),
(43, '37', 'หอผู้ป่วยพิเศษ 2', 'สธ.0315.2(30.3)/', '', ''),
(44, '38', 'หอผู้ป่วยพุทธรักษา', 'สธ.0315.2(30.3)/', '', ''),
(45, '39', 'งานการพยาบาลผู้ป่วยหนัก', 'สธ.0315.2(30.3)/', '', ''),
(46, '40', 'งานการพยาบาลผู้ป่วยผ่าตัด', 'สธ.0315.2(30.3.1)/', '', ''),
(47, '41', 'งานการพยาบาลผู้ป่วยวิสัญญี', 'สธ.0315.2(30.7)/', '', ''),
(48, '42', 'งานการพยาบาลผู้ป่วยส่องกล้อง', '', '', ''),
(49, '43', 'งานสังคมสงเคราะห์', '', '', ''),
(50, '44', 'งานตรวจสอบสิทธิการรักษา', '', '', ''),
(51, '45', 'งานเรียกเก็บค่าบริการทางการแพทย์', 'สธ.0315.2(10.5)/', '', ''),
(52, '46', 'งานเวชระเบียน', 'สธ.0315.2(40.3.1)/', '', ''),
(53, '47', 'งานทะเบียนมะเร็ง', 'สธ.0315.2(50.2.5)/', '', ''),
(54, '48', 'งานเวชนิทัศน์ฯ', 'สธ.0315.2(50.1.2)/', '', ''),
(55, '49', 'งานเทคโนสารสนเทศฯ (ศูนย์คอมพิวเตอร์)', 'สธ.0315.2(40.3.2)/', '', ''),
(56, '50', 'งานข้อมูลข่าวสาร', '', '', ''),
(57, '51', 'งานวิจัย ถ่ายทอดและสนับสนุนวิชาการ', 'สธ.0315.2(40.1)/', '', ''),
(58, '52', 'งานห้องสมุด', 'สธ.0315.2(40.1.1)/', '', ''),
(59, '53', 'งานพัฒนาคุณภาพ', 'สธ.0315.2(40.4)/', '', ''),
(60, '54', 'กลุ่มงานพัฒนานโยบายและยุทธศาสตร์การแพทย์', '', '', ''),
(61, '55', 'ศูนย์เครื่องมือแพทย์', '', '', ''),
(62, '', 'ศูนย์ส่งต่อ', '', '', ''),
(63, '', 'คลินิกศัลยกรรม', '', '', ''),
(64, '', 'คลินิกโรคปอด', '', '', ''),
(65, '', 'นรีเวช', '', '', ''),
(66, '', 'งานพัฒนานโยบายยุทธศาสตร์การแพทย์(พี่หนุ่ม)', 'สธ.0315.2(40.7)/', '', ''),
(67, '', 'ศูนย์ใจรักษ์', '', '', ''),
(68, '', 'ให้คำปรึกษา', '', '', ''),
(69, '', 'Xray', '', '', ''),
(70, '', 'งานส่องกล้อง', '', '', ''),
(71, '', 'จ่ายกลาง', '', '', ''),
(72, '', 'แพทย์แผนไทย', '', '', ''),
(74, '74', 'หอผู้ป่วยพิเศษ 1', '', '', ''),
(75, '75', 'ตรวจคลื่นหัวใจ', '', '', ''),
(76, '76', 'ห้องจ่ายยาผู้ป่วยใน', '', '', ''),
(79, '1111', 'งานพยาบาลผู้ป่วยนอกรังสีวินิจฉัยและเวชศาสตร์นิวเคลียร์', '', '', ''),
(80, '1111111', 'กลุ่มงานพยาบาลผู้ป่วยใน', '', '', ''),
(81, '1111', 'Refer', '', '', ''),
(82, '11111', 'งานป้องกันและควบคุมการติดเชื้อฯ', '', '', ''),
(83, '11111', 'งานวินิจฉัยทางการพยาบาล', '', '', ''),
(84, '11111', 'งานสารสนเทศและการจัดการความรู้ทางการพยาบาล/งานทรัพยากรบุคคลด้านการพยาบาล', '', '', ''),
(85, '11111', 'งานเทคนิคการแพทย์', '', '', ''),
(86, '11111', 'งานจัดซื้อและบริหารเวชภัณฑ์ยา', '', '', ''),
(87, '111111', 'งานเตรียมยาเคมีบำบัด', '', '', ''),
(88, '111111', 'งานบริการเภสัชกรรมผู้ป่วยนอก', '', '', ''),
(89, '11111', 'งานบริการเภสัชกรรมผู้ป่วยใน', '', '', ''),
(90, '111111', 'งานบริหารคลังเวชภัณฑ์ยา', '', '', ''),
(91, '11111', 'งานวิชาการเภสัชกรรม', '', '', ''),
(92, '11111', 'งานโภชนบริการ', '', '', ''),
(93, '11111', 'งานโภชนบำบัด', '', '', ''),
(94, '111111', 'งานโภชนศึกษา', '', '', ''),
(95, '11111', 'หน่วยซ่อมบำรุง', 'สธ.0315.2(10.3)/', '', ''),
(96, '1111', 'งานเลขานุการ', '', '', ''),
(97, '1111', 'งานสารบรรณ', '', '', ''),
(98, '111111', 'สำนักการแพทย์เขต', '', '', ''),
(99, '111111', 'งานซอฟต์แวร์', '', '', ''),
(100, '1111', 'งานวิจัยและประเมิน', '', '', ''),
(101, '111', 'งานวิจัยทางการพยาบาล', '', '', ''),
(102, '112', 'งานธุรการทั่วไป', '', '', ''),
(103, '113', 'สำนักงานกลุ่มภารกิจด้านการพยาบาล', '', '', ''),
(104, '11111', 'อายุรกรรมทางเดินอาหาร', '', '', ''),
(105, '1111', 'คลินิกหูคอจมูก', '', '', ''),
(106, '1111', 'คลินิกตรวจสุขภาพ', '', '', ''),
(107, 'IR', 'งานใส่แร่', '', '', ''),
(108, '108', 'งานพยาบาลดูแลต่อเนื่องที่บ้าน', '', '', ''),
(109, '109', 'ตรวจรักษาพิเศษ (ส่องกล้อง)', '', '', ''),
(110, '110', 'ตรวจรักษาพิเศษ (Xray)', '', '', ''),
(111, '111', 'ตรวจรักษาพิเศษ (เวชศาสตร์ฯ)', '', '', ''),
(112, '112', 'งานจัดซื้อและบริหารเวชภัณฑ์', '', '', ''),
(113, '113', 'งานเวชศาสตร์ประคับประคอง 1', '', '', '');

-- --------------------------------------------------------

--
-- Table structure for table `room`
--

CREATE TABLE `room` (
  `room_id` int(11) NOT NULL,
  `room_name` varchar(50) NOT NULL
) ENGINE=InnoDB DEFAULT CHARSET=utf8mb4 COLLATE=utf8mb4_general_ci;

--
-- Dumping data for table `room`
--

INSERT INTO `room` (`room_id`, `room_name`) VALUES
(1, 'อำนวยการ (ข้างห้องงานยุทธศาสตร์และแผนงาน)'),
(2, 'สิริศักดิ์  ภูริพัฒน์'),
(3, 'พระวิสุทธาธิบดี'),
(4, 'สิทธิกร บุญฉิม'),
(5, 'พอเพียง'),
(6, 'ห้องประชุมชั้น 6 อาคารผู้ป่วยนอก'),
(7, 'other');

-- --------------------------------------------------------

--
-- Table structure for table `room_appoinment`
--

CREATE TABLE `room_appoinment` (
  `room_appoinment_id` int(11) NOT NULL COMMENT 'Primary key',
  `room_id` int(11) NOT NULL COMMENT 'ห้องประชุมที่เลือก',
  `table_style_id` int(11) NOT NULL,
  `id_group` int(11) NOT NULL COMMENT 'รหัสกลุ่มงาน',
  `table_comment` varchar(100) DEFAULT NULL,
  `room_comment` varchar(100) DEFAULT NULL,
  `purpose` varchar(100) NOT NULL,
  `applicant_name` varchar(50) NOT NULL,
  `applicant_phone_number` varchar(10) NOT NULL,
  `num_attendees` int(11) NOT NULL,
  `announcement_date` date DEFAULT NULL,
  `start_time` datetime NOT NULL COMMENT 'วันเวลาที่ใช้ห้องประชุม',
  `end_time` datetime NOT NULL,
  `created_at` timestamp(6) NOT NULL DEFAULT current_timestamp(6) ON UPDATE current_timestamp(6) COMMENT 'เวลาที่บันทึกข้อมูล',
  `Mic` int(1) NOT NULL,
  `TeleV` int(1) NOT NULL,
  `take_photo` int(1) NOT NULL,
  `video_conference` int(1) NOT NULL,
  `streaming` int(1) NOT NULL,
  `Projector` int(1) NOT NULL,
  `internet_num` int(11) NOT NULL,
  `computer_num` int(11) NOT NULL
) ENGINE=InnoDB DEFAULT CHARSET=utf8mb4 COLLATE=utf8mb4_general_ci;

--
-- Dumping data for table `room_appoinment`
--

INSERT INTO `room_appoinment` (`room_appoinment_id`, `room_id`, `table_style_id`, `id_group`, `table_comment`, `room_comment`, `purpose`, `applicant_name`, `applicant_phone_number`, `num_attendees`, `announcement_date`, `start_time`, `end_time`, `created_at`, `Mic`, `TeleV`, `take_photo`, `video_conference`, `streaming`, `Projector`, `internet_num`, `computer_num`) VALUES
(1, 2, 3, 7, '0000000', NULL, '00000', '', '', 5, '2025-12-20', '2025-12-23 10:18:42', '2025-12-23 15:18:42', '0000-00-00 00:00:00.000000', 0, 0, 0, 0, 0, 0, 0, 0),
(87, 2, 1, 8, '--', NULL, '1', '', '', 3, '2025-12-19', '2025-12-22 08:00:00', '2025-12-22 12:00:00', '2025-12-19 08:43:09.864713', 0, 0, 0, 0, 0, 0, 0, 0),
(88, 2, 2, 10, '--', NULL, '2', '', '', 3, '2025-12-19', '2025-12-22 14:00:00', '2025-12-22 18:00:00', '2025-12-19 08:44:22.248056', 0, 0, 0, 0, 0, 0, 0, 0),
(89, 3, 3, 9, '111111111', NULL, '3', '', '', 4, '2025-12-19', '2025-12-22 08:00:00', '2025-12-22 12:00:00', '2025-12-19 08:45:31.418643', 1, 0, 0, 0, 0, 0, 0, 0),
(90, 3, 1, 10, NULL, NULL, '2222', '', '', 4, '2025-12-19', '2025-12-23 08:00:00', '2025-12-23 13:00:00', '2025-12-19 08:55:23.079691', 0, 0, 0, 0, 0, 0, 0, 0),
(92, 4, 3, 11, 'จัดรูปแบบโต้ะแบบ แบบเป้นวงกลม', NULL, '33333', '', '', 5, '2025-12-19', '2025-12-23 08:00:00', '2025-12-23 12:00:00', '2025-12-19 08:57:18.454555', 0, 0, 0, 0, 0, 0, 0, 0),
(93, 1, 2, 7, NULL, NULL, '1112', '', '', 4, '2025-12-19', '2025-12-23 08:00:00', '2025-12-23 12:00:00', '2025-12-19 09:17:13.039704', 0, 0, 0, 0, 0, 0, 0, 0),
(95, 1, 2, 9, NULL, NULL, '11111', '', '', 4, '2025-12-19', '2025-12-19 08:00:00', '2025-12-19 12:00:00', '2025-12-19 09:24:36.430600', 0, 0, 0, 0, 0, 0, 0, 0),
(96, 1, 1, 55, NULL, NULL, 'การประชุมเพื่อ.....', '', '', 10, '2025-12-23', '2025-12-24 13:00:00', '2025-12-24 16:00:00', '2025-12-22 02:42:20.917912', 1, 1, 1, 1, 1, 1, 5, 5),
(97, 2, 1, 7, NULL, NULL, '1111', '', '', 4, '2025-12-28', '2026-01-08 08:00:00', '2026-01-08 11:00:00', '2025-12-24 05:01:40.688447', 0, 1, 0, 0, 0, 0, 0, 0),
(98, 2, 2, 7, NULL, NULL, 'ุ้ั้ั้', '', '', 3, '2025-12-24', '2025-12-24 08:00:00', '2025-12-24 14:00:00', '2025-12-24 07:37:53.625356', 0, 0, 0, 0, 0, 0, 0, 0),
(99, 4, 2, 12, NULL, NULL, '้ั้ั้ั', '', '', 4, '2025-12-24', '2025-12-24 08:00:00', '2025-12-24 11:00:00', '2025-12-24 07:38:17.874230', 0, 0, 0, 0, 0, 0, 0, 0),
(100, 3, 2, 12, NULL, NULL, 'ไพไพไพไพ', '', '', 3, '2025-12-24', '2025-12-24 08:00:00', '2025-12-24 12:00:00', '2025-12-24 07:38:36.822312', 0, 0, 0, 0, 0, 0, 0, 0),
(101, 1, 2, 10, NULL, NULL, 'ๆไำๆำๆำ', '', '', 6, '2025-12-24', '2025-12-24 16:00:00', '2025-12-24 18:00:00', '2025-12-24 07:39:14.694071', 1, 1, 1, 0, 0, 0, 0, 0),
(102, 2, 1, 9, NULL, NULL, 'ๆำๆำๆไำำ', '', '', 4, '2025-12-24', '2025-12-24 18:00:00', '2025-12-24 21:00:00', '2025-12-24 07:39:58.255691', 0, 0, 0, 0, 0, 0, 0, 0),
(103, 4, 3, 8, 'จัดรูปแบบโต้ะ-นนนนนนนนน', NULL, 'ๆำๆำๆำๆำ', '', '', 5, '2025-12-24', '2025-12-24 15:00:00', '2025-12-24 20:00:00', '2025-12-24 07:40:41.368040', 1, 1, 0, 0, 0, 0, 0, 0),
(104, 3, 3, 9, 'จัดรูปแบบโต้ะ-หกฟหกฟกฟ', NULL, 'หกดหดหดห', '', '', 5, '2025-12-24', '2025-12-24 15:00:00', '2025-12-24 19:00:00', '2025-12-24 07:41:08.712082', 0, 0, 0, 0, 0, 0, 0, 0),
(105, 2, 2, 7, NULL, NULL, '11111', '', '', 4, '2025-12-24', '2025-12-25 08:00:00', '2025-12-25 09:00:00', '2025-12-24 09:28:24.792387', 0, 0, 0, 0, 0, 0, 0, 0),
(106, 1, 3, 9, 'จัดรูปแบบโต้ะ-asdasd', NULL, 'asASs', '', '', 7, '2025-12-25', '2025-12-25 08:00:00', '2025-12-25 09:00:00', '2025-12-25 03:27:21.568965', 1, 1, 0, 0, 0, 0, 0, 0),
(107, 3, 3, 10, 'จัดรูปแบบโต้ะ-ัะัะัะะัะั', NULL, 'ัะัะัะั', '', '', 5, '0000-00-00', '2025-12-29 08:00:00', '2025-12-29 12:00:00', '2025-12-25 04:56:48.856073', 0, 0, 0, 0, 0, 0, 0, 0),
(108, 3, 3, 10, 'จัดรูปแบบโต้ะ-sdsdsd', NULL, 'dfdfd', '', '', 4, '2025-12-25', '2025-12-25 08:00:00', '2025-12-25 11:00:00', '2025-12-25 05:24:12.526497', 0, 0, 0, 0, 0, 0, 0, 0),
(109, 5, 2, 8, NULL, '402', '11111', '', '', 4, '2025-12-25', '2025-12-26 08:00:00', '2025-12-26 11:00:00', '2025-12-25 06:32:05.711523', 0, 0, 0, 0, 0, 0, 0, 0),
(110, 5, 2, 8, NULL, '402', '11111', '', '', 4, '2025-12-25', '2025-12-26 14:00:00', '2025-12-26 17:00:00', '2025-12-25 06:34:47.205013', 0, 0, 0, 0, 0, 0, 0, 0),
(111, 5, 1, 9, NULL, '403', 'test', '', '', 4, '2025-12-25', '2025-12-26 08:00:00', '2025-12-26 10:00:00', '2025-12-25 07:19:49.059813', 0, 0, 0, 0, 0, 0, 0, 0),
(112, 2, 2, 8, NULL, NULL, 'test last', 'นายกดกด โดนดี', '', 12, '2025-12-26', '2025-12-31 09:00:00', '2025-12-31 13:00:00', '2025-12-26 03:31:26.257699', 1, 1, 0, 0, 0, 0, 7, 3),
(113, 1, 1, 7, NULL, NULL, '้่้่้242424242', 'ปผผแผแ', '', 0, '0000-00-00', '2025-12-26 08:00:00', '2025-12-26 10:00:00', '2025-12-26 04:19:34.934938', 0, 0, 0, 0, 0, 0, 0, 0),
(114, 1, 2, 7, NULL, NULL, 'gaisojdoaisjdasdasd', 'ปผผแผแ', '', 10, '2026-01-06', '2026-01-09 08:00:00', '2026-01-09 12:00:00', '2026-01-05 01:55:59.472058', 1, 1, 1, 1, 1, 1, 8, 8),
(115, 5, 1, 7, NULL, NULL, '\'\'\'\'\'\'\'\'\'\'\'\'\'\'\'\'\'\'\'\'\'\'\'', 'นายกดกด โดนดี', '', 5, '0000-00-00', '2026-01-07 08:00:00', '2026-01-07 12:00:00', '2026-01-07 03:14:11.883300', 0, 0, 0, 0, 0, 0, 0, 0),
(116, 6, 1, 11, NULL, NULL, 'ดกดกดกด', 'ปผผแผแ', '', 4, '2026-01-07', '2026-01-14 08:00:00', '2026-01-14 11:00:00', '2026-01-07 04:20:54.122143', 1, 1, 1, 1, 1, 1, 5, 4),
(117, 7, 2, 9, NULL, '402', 'ooooooooo', 'นายกดกด โดนดี', '', 6, '0000-00-00', '2026-01-15 08:00:00', '2026-01-15 12:00:00', '2026-01-07 04:21:33.811302', 1, 1, 1, 1, 1, 1, 5, 6),
(118, 7, 3, 10, 'รูปตัว X', 'ห้องประชุม .....', 'สวววยบสบส', 'นายกดกด โดนดี', '', 9, '2026-01-08', '2026-01-14 08:00:00', '2026-01-14 10:00:00', '2026-01-07 04:48:48.381720', 1, 1, 1, 1, 1, 1, 6, 6),
(119, 2, 1, 9, NULL, NULL, '---ภ-ภ-ภ', 'นายกดกด โดนดี', '0863045947', 10, '0000-00-00', '2026-01-17 08:00:00', '2026-01-17 12:45:00', '2026-01-07 06:36:47.983229', 0, 0, 0, 0, 0, 0, 0, 0),
(120, 3, 1, 7, NULL, NULL, 'dsdsdsd', 'นายกดกด โดนดี', '0863045947', 5, '0000-00-00', '2026-01-15 08:00:00', '2026-01-15 12:00:00', '2026-01-07 06:41:14.952528', 0, 0, 0, 0, 0, 0, 0, 0),
(121, 1, 1, 35, NULL, NULL, '4556', 'ปผผแผแ', '0863045947', 4, '2026-01-07', '2026-01-16 08:00:00', '2026-01-16 11:00:00', '2026-01-07 07:14:33.199883', 0, 0, 0, 0, 0, 0, 0, 0),
(122, 6, 1, 7, NULL, NULL, 'เพเพเเเ', 'นายกดกด โดนดี', '028179999', 3, '0000-00-00', '2026-01-16 08:00:00', '2026-01-16 12:00:00', '2026-01-07 07:19:56.102966', 0, 0, 0, 0, 0, 0, 0, 0),
(123, 1, 2, 7, NULL, NULL, 'rrrrrrrrrrrrrrrrrrrrrrrrrrrrrrrrrrrrrrrrrrrrrrrrrrrrrrrrrrrrrrrrrrrrrrrrrrrrrrrrrrrrrrrrrrrrrrrrrrrr', 'นายกดกด โดนดี', '0863045947', 6, '0000-00-00', '2026-01-30 08:00:00', '2026-01-30 11:00:00', '2026-01-08 03:33:16.683377', 0, 0, 0, 0, 0, 0, 0, 0),
(124, 2, 2, 10, NULL, NULL, '่เ่นยนะกกด', 'Gooooooopppppp', '0963357766', 6, '2026-01-13', '2026-01-21 10:00:00', '2026-01-21 12:00:00', '2026-01-08 06:35:07.198191', 1, 1, 1, 1, 1, 1, 6, 0),
(125, 7, 3, 7, '11111114', '402', 'การทดลองใช้ระบบการจอง', 'นายโอโห้ โคโค่', '026354897', 5, '2026-01-30', '2026-02-01 08:00:00', '2026-02-01 11:00:00', '2026-01-09 01:52:40.816686', 1, 1, 1, 1, 0, 0, 5, 5),
(126, 4, 1, 9, NULL, NULL, 'หาแมวตัวใหม่', 'นายแมวเป้า ปลากระป๋อง', '0863045947', 4, '2026-01-12', '2026-02-02 08:00:00', '2026-02-02 12:00:00', '2026-01-09 07:19:28.506595', 1, 1, 1, 1, 1, 1, 6, 6),
(127, 1, 1, 8, NULL, NULL, 'พพะะพะพะ', 'นายกดกด โดนดี', '0632565548', 5, '2026-01-09', '2026-01-09 13:00:00', '2026-01-09 17:00:00', '2026-01-09 07:27:07.282006', 0, 0, 0, 0, 0, 0, 0, 0);

-- --------------------------------------------------------

--
-- Table structure for table `table_style`
--

CREATE TABLE `table_style` (
  `table_style_id` int(11) NOT NULL,
  `Table_style` varchar(50) NOT NULL
) ENGINE=InnoDB DEFAULT CHARSET=utf8mb4 COLLATE=utf8mb4_general_ci;

--
-- Dumping data for table `table_style`
--

INSERT INTO `table_style` (`table_style_id`, `Table_style`) VALUES
(1, 'Classroom'),
(2, 'รูปตัว  U'),
(3, 'other');

--
-- Indexes for dumped tables
--

--
-- Indexes for table `groupwork`
--
ALTER TABLE `groupwork`
  ADD PRIMARY KEY (`id_group`);

--
-- Indexes for table `room`
--
ALTER TABLE `room`
  ADD PRIMARY KEY (`room_id`);

--
-- Indexes for table `room_appoinment`
--
ALTER TABLE `room_appoinment`
  ADD PRIMARY KEY (`room_appoinment_id`),
  ADD KEY `room_id` (`room_id`),
  ADD KEY `table_style_id` (`table_style_id`),
  ADD KEY `	id_group` (`id_group`);

--
-- Indexes for table `table_style`
--
ALTER TABLE `table_style`
  ADD PRIMARY KEY (`table_style_id`);

--
-- AUTO_INCREMENT for dumped tables
--

--
-- AUTO_INCREMENT for table `room`
--
ALTER TABLE `room`
  MODIFY `room_id` int(11) NOT NULL AUTO_INCREMENT, AUTO_INCREMENT=8;

--
-- AUTO_INCREMENT for table `room_appoinment`
--
ALTER TABLE `room_appoinment`
  MODIFY `room_appoinment_id` int(11) NOT NULL AUTO_INCREMENT COMMENT 'Primary key', AUTO_INCREMENT=128;

--
-- AUTO_INCREMENT for table `table_style`
--
ALTER TABLE `table_style`
  MODIFY `table_style_id` int(11) NOT NULL AUTO_INCREMENT, AUTO_INCREMENT=4;

--
-- Constraints for dumped tables
--

--
-- Constraints for table `room_appoinment`
--
ALTER TABLE `room_appoinment`
  ADD CONSTRAINT `room_appoinment_ibfk_1` FOREIGN KEY (`room_id`) REFERENCES `room` (`room_id`),
  ADD CONSTRAINT `room_appoinment_ibfk_2` FOREIGN KEY (`table_style_id`) REFERENCES `table_style` (`table_style_id`),
  ADD CONSTRAINT `room_appoinment_ibfk_3` FOREIGN KEY (`id_group`) REFERENCES `groupwork` (`id_group`);
COMMIT;

/*!40101 SET CHARACTER_SET_CLIENT=@OLD_CHARACTER_SET_CLIENT */;
/*!40101 SET CHARACTER_SET_RESULTS=@OLD_CHARACTER_SET_RESULTS */;
/*!40101 SET COLLATION_CONNECTION=@OLD_COLLATION_CONNECTION */;
