-- phpMyAdmin SQL Dump
-- version 4.9.1
-- https://www.phpmyadmin.net/
--
-- Host: localhost
-- Generation Time: Jan 12, 2026 at 03:10 PM
-- Server version: 8.0.17
-- PHP Version: 7.3.10

SET SQL_MODE = "NO_AUTO_VALUE_ON_ZERO";
SET AUTOCOMMIT = 0;
START TRANSACTION;
SET time_zone = "+00:00";


/*!40101 SET @OLD_CHARACTER_SET_CLIENT=@@CHARACTER_SET_CLIENT */;
/*!40101 SET @OLD_CHARACTER_SET_RESULTS=@@CHARACTER_SET_RESULTS */;
/*!40101 SET @OLD_COLLATION_CONNECTION=@@COLLATION_CONNECTION */;
/*!40101 SET NAMES utf8mb4 */;

--
-- Database: `meeting`
--

-- --------------------------------------------------------

--
-- Table structure for table `groupwork`
--

CREATE TABLE `groupwork` (
  `id_group` int(11) NOT NULL COMMENT 'รหัสกลุ่มงาน',
  `num_group` varchar(20) NOT NULL,
  `groupname` varchar(200) DEFAULT NULL COMMENT 'ชื่อกลุ่มงาน',
  `num_st` varchar(20) NOT NULL,
  `tower_no` varchar(20) NOT NULL,
  `floor_no` varchar(20) NOT NULL
) ENGINE=InnoDB DEFAULT CHARSET=utf8 COMMENT='ตารางกลุ่มงาน' ROW_FORMAT=DYNAMIC;

--
-- Dumping data for table `groupwork`
--

INSERT INTO `groupwork` (`id_group`, `num_group`, `groupname`, `num_st`, `tower_no`, `floor_no`) VALUES
(7, '1', 'องค์กรแพทย์', 'สธ.0315.2(50)/', '2', '5'),
(8, '2', 'งานบริหารทั่วไป', 'สธ.0315.2(10.1)/', '2', '5'),
(9, '3', 'งานประชาสัมพันธ์', 'สธ.0315.2(10.1)/', '2', '1'),
(10, '4', 'งานยานพาหนะ', 'สธ.0315.2(10.1)/', '', ''),
(11, '5', 'เลขาผู้อำนวยการ', 'สธ.0315.2(09)/', '2', '5'),
(12, '6', 'งานทรัพยากรบุคคล', 'สธ.0315.2(10.6)/', '2', '5'),
(13, '7', 'งานยุทธศาสตร์และแผนงาน', 'สธ.0315.2(10.5)/', '2', '5'),
(14, '8', 'งานอาคารสถานที่', 'สธ.0315.2(10.4)/', '2', '5'),
(15, '9', 'งานบำบัดน้ำเสียและกำจัดขยะ', 'สธ.0315.2(10.4)/', '', ''),
(16, '10', 'งานการเงิน', 'สธ.0315.2(10.2)/', '', ''),
(17, '11', 'งานบัญชี', 'สธ.0315.2(10.2)/', '', ''),
(18, '12', 'งานพัสดุ', 'สธ.0315.2(10.3)/', '', ''),
(19, '13', 'งานช่างซ่อมบำรุง', 'สธ.0315.2(10.3)/', '', ''),
(20, '14', 'ภารกิจด้านวิชาการและการแพทย์', '', '', ''),
(21, '15', 'กลุ่มงานรังสีรักษา', 'สธ.0315.2(20.7)/', '', ''),
(22, '16', 'งานรังสีวินิจฉัย', 'สธ.0315.2(20.8)/', '', ''),
(23, '17', 'งานเวชศาสตร์นิวเคลียร์', 'สธ.0315.2(20.8.1)/', '', ''),
(24, '18', 'งานพยาธิวิทยาคลินิก', 'สธ.0315.2(20.9.2)/', '', ''),
(25, '19', 'งานพยาธิวิทยากายวิภาค', 'สธ.0315.2(20.9.1)/', '', ''),
(26, '20', 'งานทันตกรรม', '', '', ''),
(27, '21', 'งานเภสัชกรรม ', 'สธ.0315.2(20.13)/', '', ''),
(28, '22', 'งานโภชนศาสตร์ ', 'สธ.0315.2(20.14)/', '', ''),
(29, '23', 'งานวิชาการพยาบาล', 'สธ.0315.2(30.1)/', '', ''),
(30, '24', 'งานป้องกันและควบคุมการติดเชื้อ', 'สธ.0315.2(30.1)/', '', ''),
(31, '25', 'งานการพยาบาลส่งเสริมคุณภาพชีวิต', '', '', ''),
(32, '26', 'งานซักฟอกและตัดเย็บ', 'สธ.0315.2(30.1)/', '', ''),
(33, '27', 'งานการพยาบาลผู้ป่วยนอก', 'สธ.0315.2(30.2.3)/', '', ''),
(34, '28', 'งานพยาบาลผู้ป่วยนอกศัลยกรรม', 'สธ.0315.2(30.2.2)/', '', ''),
(35, '29', 'งานการพยาบาลผู้ป่วยนอกรังสีรักษา', 'สธ.0315.2(30.2.4)/', '', ''),
(36, '30', 'งานการพยาบาลผู้ป่วยนอกเคมีบำบัด', 'สธ.0315.2(30.2.5)/', '', ''),
(37, '31', 'งานการพยาบาลตรวจรักษาพิเศษ', 'สธ.0315.2(30.2.1)/', '', ''),
(38, '32', 'งานศูนย์เปล', 'สธ.0315.2(30.2.1)/', '', ''),
(39, '33', 'งานหอผู้ป่วยศัลยกรรมหญิง ', 'สธ.0315.2(30.3)/', '', ''),
(40, '34', 'งานหอผู้ป่วยสามัญหญิง ', 'สธ.0315.2(30.3)/', '', ''),
(41, '35', 'งานหอผู้ป่วยศัลยกรรมชาย ', 'สธ.0315.2(30.3)/', '', ''),
(42, '36', 'งานหอผู้ป่วยสามัญชาย', 'สธ.0315.2(30.3)/', '', ''),
(43, '37', 'หอผู้ป่วยพิเศษ 2', 'สธ.0315.2(30.3)/', '', ''),
(44, '38', 'หอผู้ป่วยพุทธรักษา', 'สธ.0315.2(30.3)/', '', ''),
(45, '39', 'งานการพยาบาลผู้ป่วยหนัก', 'สธ.0315.2(30.3)/', '', ''),
(46, '40', 'งานการพยาบาลผู้ป่วยผ่าตัด', 'สธ.0315.2(30.3.1)/', '', ''),
(47, '41', 'งานการพยาบาลผู้ป่วยวิสัญญี', 'สธ.0315.2(30.7)/', '', ''),
(48, '42', 'งานการพยาบาลผู้ป่วยส่องกล้อง', '', '', ''),
(49, '43', 'งานสังคมสงเคราะห์', '', '', ''),
(50, '44', 'งานตรวจสอบสิทธิการรักษา', '', '', ''),
(51, '45', 'งานเรียกเก็บค่าบริการทางการแพทย์', 'สธ.0315.2(10.5)/', '', ''),
(52, '46', 'งานเวชระเบียน', 'สธ.0315.2(40.3.1)/', '', ''),
(53, '47', 'งานทะเบียนมะเร็ง', 'สธ.0315.2(50.2.5)/', '', ''),
(54, '48', 'งานเวชนิทัศน์ฯ', 'สธ.0315.2(50.1.2)/', '', ''),
(55, '49', 'งานเทคโนสารสนเทศฯ (ศูนย์คอมพิวเตอร์)', 'สธ.0315.2(40.3.2)/', '', ''),
(56, '50', 'งานข้อมูลข่าวสาร', '', '', ''),
(57, '51', 'งานวิจัย ถ่ายทอดและสนับสนุนวิชาการ', 'สธ.0315.2(40.1)/', '', ''),
(58, '52', 'งานห้องสมุด', 'สธ.0315.2(40.1.1)/', '', ''),
(59, '53', 'งานพัฒนาคุณภาพ', 'สธ.0315.2(40.4)/', '', ''),
(60, '54', 'กลุ่มงานพัฒนานโยบายและยุทธศาสตร์การแพทย์', '', '', ''),
(61, '55', 'ศูนย์เครื่องมือแพทย์', '', '', ''),
(62, '', 'ศูนย์ส่งต่อ', '', '', ''),
(63, '', 'คลินิกศัลยกรรม', '', '', ''),
(64, '', 'คลินิกโรคปอด', '', '', ''),
(65, '', 'นรีเวช', '', '', ''),
(66, '', 'งานพัฒนานโยบายยุทธศาสตร์การแพทย์(พี่หนุ่ม)', 'สธ.0315.2(40.7)/', '', ''),
(67, '', 'ศูนย์ใจรักษ์', '', '', ''),
(68, '', 'ให้คำปรึกษา', '', '', ''),
(69, '', 'Xray', '', '', ''),
(70, '', 'งานส่องกล้อง', '', '', ''),
(71, '', 'จ่ายกลาง', '', '', ''),
(72, '', 'แพทย์แผนไทย', '', '', ''),
(74, '74', 'หอผู้ป่วยพิเศษ 1', '', '', ''),
(75, '75', 'ตรวจคลื่นหัวใจ', '', '', ''),
(76, '76', 'ห้องจ่ายยาผู้ป่วยใน', '', '', ''),
(79, '1111', 'งานพยาบาลผู้ป่วยนอกรังสีวินิจฉัยและเวชศาสตร์นิวเคลียร์', '', '', ''),
(80, '1111111', 'กลุ่มงานพยาบาลผู้ป่วยใน', '', '', ''),
(81, '1111', 'Refer', '', '', ''),
(82, '11111', 'งานป้องกันและควบคุมการติดเชื้อฯ', '', '', ''),
(83, '11111', 'งานวินิจฉัยทางการพยาบาล', '', '', ''),
(84, '11111', 'งานสารสนเทศและการจัดการความรู้ทางการพยาบาล/งานทรัพยากรบุคคลด้านการพยาบาล', '', '', ''),
(85, '11111', 'งานเทคนิคการแพทย์', '', '', ''),
(86, '11111', 'งานจัดซื้อและบริหารเวชภัณฑ์ยา', '', '', ''),
(87, '111111', 'งานเตรียมยาเคมีบำบัด', '', '', ''),
(88, '111111', 'งานบริการเภสัชกรรมผู้ป่วยนอก', '', '', ''),
(89, '11111', 'งานบริการเภสัชกรรมผู้ป่วยใน', '', '', ''),
(90, '111111', 'งานบริหารคลังเวชภัณฑ์ยา', '', '', ''),
(91, '11111', 'งานวิชาการเภสัชกรรม', '', '', ''),
(92, '11111', 'งานโภชนบริการ', '', '', ''),
(93, '11111', 'งานโภชนบำบัด', '', '', ''),
(94, '111111', 'งานโภชนศึกษา', '', '', ''),
(95, '11111', 'หน่วยซ่อมบำรุง', 'สธ.0315.2(10.3)/', '', ''),
(96, '1111', 'งานเลขานุการ', '', '', ''),
(97, '1111', 'งานสารบรรณ', '', '', ''),
(98, '111111', 'สำนักการแพทย์เขต', '', '', ''),
(99, '111111', 'งานซอฟต์แวร์', '', '', ''),
(100, '1111', 'งานวิจัยและประเมิน', '', '', ''),
(101, '111', 'งานวิจัยทางการพยาบาล', '', '', ''),
(102, '112', 'งานธุรการทั่วไป', '', '', ''),
(103, '113', 'สำนักงานกลุ่มภารกิจด้านการพยาบาล', '', '', ''),
(104, '11111', 'อายุรกรรมทางเดินอาหาร', '', '', ''),
(105, '1111', 'คลินิกหูคอจมูก', '', '', ''),
(106, '1111', 'คลินิกตรวจสุขภาพ', '', '', ''),
(107, 'IR', 'งานใส่แร่', '', '', ''),
(108, '108', 'งานพยาบาลดูแลต่อเนื่องที่บ้าน', '', '', ''),
(109, '109', 'ตรวจรักษาพิเศษ (ส่องกล้อง)', '', '', ''),
(110, '110', 'ตรวจรักษาพิเศษ (Xray)', '', '', ''),
(111, '111', 'ตรวจรักษาพิเศษ (เวชศาสตร์ฯ)', '', '', ''),
(112, '112', 'งานจัดซื้อและบริหารเวชภัณฑ์', '', '', ''),
(113, '113', 'งานเวชศาสตร์ประคับประคอง 1', '', '', '');

-- --------------------------------------------------------

--
-- Table structure for table `room`
--

CREATE TABLE `room` (
  `room_id` int(11) NOT NULL,
  `room_name` varchar(50) COLLATE utf8mb4_general_ci NOT NULL
) ENGINE=InnoDB DEFAULT CHARSET=utf8mb4 COLLATE=utf8mb4_general_ci;

--
-- Dumping data for table `room`
--

INSERT INTO `room` (`room_id`, `room_name`) VALUES
(1, 'อำนวยการ (ข้างห้องงานยุทธศาสตร์และแผนงาน)'),
(2, 'สิริศักดิ์  ภูริพัฒน์'),
(3, 'พระวิสุทธาธิบดี'),
(4, 'สิทธิกร บุญฉิม'),
(5, 'พอเพียง'),
(6, 'ห้องประชุมชั้น 6 อาคารผู้ป่วยนอก'),
(7, 'other');

-- --------------------------------------------------------

--
-- Table structure for table `room_appoinment`
--

CREATE TABLE `room_appoinment` (
  `room_appoinment_id` int(11) NOT NULL COMMENT 'Primary key',
  `room_id` int(11) NOT NULL COMMENT 'ห้องประชุมที่เลือก',
  `table_style_id` int(11) NOT NULL,
  `id_group` int(11) NOT NULL COMMENT 'รหัสกลุ่มงาน',
  `table_comment` varchar(100) COLLATE utf8mb4_general_ci DEFAULT NULL,
  `room_comment` varchar(100) COLLATE utf8mb4_general_ci DEFAULT NULL,
  `purpose` varchar(100) COLLATE utf8mb4_general_ci NOT NULL,
  `applicant_name` varchar(50) COLLATE utf8mb4_general_ci NOT NULL,
  `applicant_phone_number` varchar(10) COLLATE utf8mb4_general_ci NOT NULL,
  `num_attendees` int(11) NOT NULL,
  `announcement_date` date DEFAULT NULL,
  `start_time` datetime NOT NULL COMMENT 'วันเวลาที่ใช้ห้องประชุม',
  `end_time` datetime NOT NULL,
  `created_at` timestamp(6) NOT NULL DEFAULT CURRENT_TIMESTAMP(6) ON UPDATE CURRENT_TIMESTAMP(6) COMMENT 'เวลาที่บันทึกข้อมูล',
  `Mic` int(1) NOT NULL,
  `TeleV` int(1) NOT NULL,
  `take_photo` int(1) NOT NULL,
  `video_conference` int(1) NOT NULL,
  `streaming` int(1) NOT NULL,
  `Projector` int(1) NOT NULL,
  `internet_num` int(11) NOT NULL,
  `computer_num` int(11) NOT NULL,
  `create_user` varchar(5) COLLATE utf8mb4_general_ci NOT NULL
) ENGINE=InnoDB DEFAULT CHARSET=utf8mb4 COLLATE=utf8mb4_general_ci;

--
-- Dumping data for table `room_appoinment`
--

INSERT INTO `room_appoinment` (`room_appoinment_id`, `room_id`, `table_style_id`, `id_group`, `table_comment`, `room_comment`, `purpose`, `applicant_name`, `applicant_phone_number`, `num_attendees`, `announcement_date`, `start_time`, `end_time`, `Mic`, `TeleV`, `take_photo`, `video_conference`, `streaming`, `Projector`, `internet_num`, `computer_num`, `create_user`) VALUES
(2, 6, 1, 55, NULL, NULL, 'ประชุมจัดโครงการฝึกพูดด้วยหลอดอาหาร', 'คุณบุศรินทร์ เผด็จทุกข์', '548', 50, '0000-00-00', '2026-01-12 08:00:00', '2026-01-12 14:00:00', 1, 0, 0, 0, 0, 1, 0, 0, ''),
(3, 1, 1, 55, NULL, NULL, 'โครงการตรวจวิศวกรรมความปลอดภัยในโรงพยาบาล', 'คุณศศิธร ยิ้มเอี่ยมวัฒนา', '599', 20, '0000-00-00', '2026-01-27 08:30:00', '2026-01-27 16:30:00', 0, 1, 1, 0, 0, 0, 0, 0, ''),
(4, 3, 1, 55, NULL, NULL, 'ประชุม R2R ประจำปี 2569', 'คุณวันวิสา มังกรเพชร', '173', 90, '0000-00-00', '2026-01-28 08:30:00', '2026-01-28 16:00:00', 1, 0, 1, 0, 0, 1, 0, 0, ''),
(5, 1, 1, 55, NULL, NULL, 'ประชุม COE ณ ห้องประชุมอำนวยการ', 'คุณจิริยา นาเจริญ', '555', 1, '0000-00-00', '2026-01-12 13:30:00', '2026-01-12 16:30:00', 0, 0, 0, 0, 0, 0, 0, 0, ''),
(6, 1, 1, 55, NULL, NULL, 'โครงการตรวจวิศวกรรมความปลอดภัยในโรงพยาบาล', 'คุณศศิธร ยิ้มเอี่ยมวัฒนา', '599', 20, '0000-00-00', '2026-01-28 08:30:00', '2026-01-28 16:30:00', 0, 1, 1, 0, 0, 0, 0, 0, ''),
(7, 5, 1, 55, NULL, NULL, 'ประชุมวิชาการเรื่อง \" พยาบาลในยุคปีญญาประดิษฐ์ : โอกาศ ความท้าทาย และยุทธศาสตร์การขับเคลื่อน \"', 'คุรรักษิณา', '445', 10, '2026-01-29', '2026-01-29 08:00:00', '2026-01-29 16:00:00', 1, 0, 0, 1, 0, 1, 1, 1, ''),
(8, 1, 1, 55, NULL, NULL, 'โครงการตรวจวิศวกรรมความปลอดภัยในโรงพยาบาล', 'คุณศศิธร ยิ้มเอี่ยมวัฒนา', '599', 20, '0000-00-00', '2026-01-29 08:30:00', '2026-01-29 16:30:00', 0, 1, 1, 0, 0, 0, 0, 0, ''),
(9, 5, 1, 55, NULL, NULL, 'ประชุมวิชาการเรื่อง \" พยาบาลในยุคปีญญาประดิษฐ์ : โอกาศ ความท้าทาย และยุทธศาสตร์การขับเคลื่อน \"', 'คุรรักษิณา', '445', 10, '2026-01-30', '2026-01-30 08:00:00', '2026-01-30 16:00:00', 1, 0, 0, 1, 0, 1, 1, 1, ''),
(10, 1, 1, 55, NULL, NULL, 'โครงการตรวจวิศวกรรมความปลอดภัยในโรงพยาบาล', 'คุณศศิธร ยิ้มเอี่ยมวัฒนา', '599', 20, '0000-00-00', '2026-01-30 08:30:00', '2026-01-30 16:30:00', 0, 1, 1, 0, 0, 0, 0, 0, ''),
(11, 6, 1, 55, NULL, NULL, 'โครงการพิธีรับพระราชทานเครื่องราชอิสริยาภรณ์', 'คุณนวรัตน์ ศรีศิวิไล', '463', 50, '0000-00-00', '2026-02-02 13:00:00', '2026-02-02 16:30:00', 1, 0, 0, 1, 0, 1, 0, 0, ''),
(12, 6, 1, 55, NULL, NULL, 'อบรมเชิงปฏิบัติการเรื่องการแปลผลคลื่นไฟฟ้าหัวใจพื้นฐานสำหรับพยาบาล', 'คุณมณีรัตน์ ศรีไพโรจน์', '577', 120, '2026-01-14', '2026-01-14 08:00:00', '2026-01-14 16:00:00', 1, 1, 1, 1, 1, 1, 2, 2, ''),
(13, 6, 1, 55, NULL, NULL, 'โครงการอบรมการวางแผนดูแลล่วงหน้า (Advanced care plan . ACP)', 'คุณรัตนพร วังคะฮาด', '440', 50, '2026-02-05', '2026-02-05 08:00:00', '2026-02-05 16:00:00', 1, 0, 0, 0, 0, 0, 1, 1, ''),
(14, 3, 1, 55, NULL, NULL, 'ประชุม นศ.พยาบาลศาสตร์บัณฑิตปี 2 วพบ.พระพุทธบาท ศึกษาดูงาน', 'นางสุมัลธินีย์ ช้างจวง', '444,445', 119, '0000-00-00', '2026-01-15 08:00:00', '2026-01-15 16:00:00', 1, 0, 0, 0, 0, 0, 1, 1, ''),
(15, 6, 1, 55, NULL, NULL, 'ประชุมจัดโครงการฝึกพูดด้วยหลอดอาหาร', 'คุณบุศรินทร์ เผด็จทุกข์', '548', 50, '0000-00-00', '2026-02-09 08:00:00', '2026-02-09 14:00:00', 1, 0, 0, 0, 0, 1, 0, 0, ''),
(16, 6, 1, 55, NULL, NULL, 'อบรมเชิงปฏิบัติการเรื่องการแปลผลคลื่นไฟฟ้าหัวใจพื้นฐานสำหรับพยาบาล', 'คุณมณีรัตน์ ศรีไพโรจน์', '577', 120, '2026-01-15', '2026-01-15 08:00:00', '2026-01-15 16:00:00', 1, 1, 1, 1, 1, 1, 2, 2, ''),
(17, 4, 1, 55, NULL, NULL, 'ประชุมคณะกรรมการวิจัยในมนุษย์ หัวหน้างาน หัวหน้ากลุ่มงาน', 'คุณสุรินทร์ อวดร่าง', '329', 15, '0000-00-00', '2026-01-15 08:00:00', '2026-01-15 16:00:00', 1, 0, 0, 1, 0, 1, 1, 1, ''),
(18, 6, 1, 55, NULL, NULL, 'จัดโครงการอบรมเชิงปฎิบัติการสร้างผู้นำการเปลี่ยนแปลงด้านการพัฒนาอย่างยั่งยืน ประจำปีงบประมาณ 2569', 'คุณจิรประวัติ ไชยเพียร', '123', 50, '0000-00-00', '2026-02-12 08:00:00', '2026-02-12 16:30:00', 1, 0, 0, 0, 0, 1, 1, 1, ''),
(19, 6, 1, 55, NULL, NULL, 'อบรมเชิงปฏิบัติการเรื่องการแปลผลคลื่นไฟฟ้าหัวใจพื้นฐานสำหรับพยาบาล', 'คุณมณีรัตน์ ศรีไพโรจน์', '577', 120, '2026-01-16', '2026-01-16 08:00:00', '2026-01-16 16:00:00', 1, 1, 1, 1, 1, 1, 2, 2, ''),
(20, 6, 1, 55, NULL, NULL, 'จัดโครงการอบรมเชิงปฎิบัติการสร้างผู้นำการเปลี่ยนแปลงด้านการพัฒนาอย่างยั่งยืน ประจำปีงบประมาณ 2569', 'คุณจิรประวัติ ไชยเพียร', '123', 50, '0000-00-00', '2026-02-13 08:00:00', '2026-02-13 16:30:00', 1, 0, 0, 0, 0, 1, 1, 1, ''),
(21, 4, 1, 55, NULL, NULL, 'ประชุมวิชาการ KS ห้องประชุม สิทธิกร บุญฉิม', 'คุณอรุณรัศมี คุณบัวลา', '131', 30, '0000-00-00', '2026-01-16 10:00:00', '2026-01-16 13:00:00', 1, 0, 0, 0, 0, 1, 1, 1, ''),
(22, 1, 1, 55, NULL, NULL, 'ตรวจรับรองพระสงฆ์อาพาธ', 'คุณจุไรรัตน์ ธรรมเพียร', '513', 5, '0000-00-00', '2026-02-27 09:00:00', '2026-02-27 12:00:00', 1, 0, 0, 0, 0, 0, 0, 1, ''),
(23, 6, 1, 55, NULL, NULL, 'ประชุมจัดโครงการฝึกพูดด้วยหลอดอาหาร', 'คุณบุศรินทร์ ธรรมเพียร', '548', 50, '0000-00-00', '2026-03-09 08:00:00', '2026-03-09 14:00:00', 1, 0, 0, 0, 0, 1, 0, 0, ''),
(24, 6, 1, 55, NULL, NULL, 'จอง', 'คุณมณีรัตน์ ศรีไพโรจน์', '-', 1, '0000-00-00', '2026-03-10 08:00:00', '2026-03-10 16:00:00', 0, 0, 0, 0, 0, 0, 0, 0, ''),
(25, 6, 1, 55, NULL, NULL, 'จอง', 'คุณมณีรัตน์ ศรีไพโรจน์', '-', 1, '0000-00-00', '2026-03-11 08:00:00', '2026-03-11 16:00:00', 0, 0, 0, 0, 0, 0, 0, 0, ''),
(26, 6, 1, 55, NULL, NULL, 'จอง', 'คุณมณีรัตน์ ศรีไพโรจน์', '-', 1, '0000-00-00', '2026-03-12 08:00:00', '2026-03-12 16:00:00', 0, 0, 0, 0, 0, 0, 0, 0, ''),
(27, 2, 1, 55, NULL, NULL, 'ประชุม จัดกิจกรรม Knowledge sharing โดยหน่วยพยาบาลออสโตมีและแผล', 'คุณปิยวรรณ กุมวาปี', '139', 35, '0000-00-00', '2026-01-19 08:00:00', '2026-01-19 16:00:00', 1, 0, 0, 0, 0, 1, 1, 1, ''),
(28, 6, 1, 55, NULL, NULL, 'จอง', 'คุณมณีรัตน์ ศรีไพโรจน์', '-', 1, '0000-00-00', '2026-03-13 08:00:00', '2026-03-13 16:00:00', 0, 0, 0, 0, 0, 0, 0, 0, ''),
(29, 6, 1, 55, NULL, NULL, 'อบรมโครงการ Oncology nursing ', 'คุณสุมัลธินีย์ ช้างจวง', '444', 60, '2026-03-16', '2026-03-16 08:00:00', '2026-03-16 16:00:00', 1, 0, 0, 0, 0, 1, 1, 1, ''),
(30, 3, 1, 55, NULL, NULL, 'ประชุม R2R ประจำปี 2569', 'คุณวันวิสา มังกรเพชร', '173', 90, '0000-00-00', '2026-03-16 08:30:00', '2026-03-16 16:00:00', 1, 0, 0, 0, 0, 1, 0, 0, ''),
(31, 6, 1, 55, NULL, NULL, 'อบรมโครงการ Oncology nursing', 'คุณสุมัลธินีย์ ช้างจวง', '445', 60, '2026-03-17', '2026-03-17 08:00:00', '2026-03-17 16:00:00', 1, 0, 0, 0, 0, 1, 1, 1, ''),
(32, 3, 1, 55, NULL, NULL, 'ประชุม R2R ประจำปี 2569', 'คุณวันวิสา มังกรเพชร', '173', 90, '0000-00-00', '2026-03-17 08:30:00', '2026-03-17 16:00:00', 1, 0, 0, 0, 0, 1, 0, 0, ''),
(33, 2, 1, 55, NULL, NULL, 'ประชุม จัดกิจกรรม Knowledge sharing โดยหน่วยพยาบาลออสโตมีและแผล', 'คุณปิยวรรณ กุมวาปี', '139', 35, '0000-00-00', '2026-01-20 08:00:00', '2026-01-20 16:00:00', 1, 0, 0, 0, 0, 1, 1, 1, ''),
(34, 6, 1, 55, NULL, NULL, 'อบรมโครงการ Oncology nursing\r\n\r\n', 'คุณสุมัลธินีย์ ช้างจวง', '444,445', 60, '2026-03-18', '2026-03-18 08:00:00', '2026-03-18 16:00:00', 1, 0, 0, 0, 0, 1, 1, 1, ''),
(35, 6, 1, 55, NULL, NULL, 'อบรมโครงการ Oncology nursing\r\n\r\n', 'คุณสุมัลธินีย์ ช้างจวง', '444,445', 60, '2026-03-19', '2026-03-19 08:00:00', '2026-03-19 16:00:00', 1, 0, 0, 0, 0, 1, 1, 1, ''),
(36, 6, 1, 55, NULL, NULL, 'อบรมโครงการ Oncology nursing\r\n\r\n', 'คุณสุมัลธินีย์ ช้างจวง', '444,445', 60, '2026-03-20', '2026-03-20 08:00:00', '2026-03-20 16:00:00', 1, 0, 0, 0, 0, 1, 1, 1, ''),
(37, 3, 1, 55, NULL, NULL, 'ประชุม R2R ประจำปี 2569\r\n\r\n', 'คุณวันวิสา มังกรเพชร', '173', 90, '0000-00-00', '2026-03-18 08:30:00', '2026-03-18 16:00:00', 1, 0, 1, 0, 0, 1, 0, 0, ''),
(38, 6, 1, 55, NULL, NULL, 'ประชุมโครงการพัฒนาระบบการประเมินผลการปฏิบัติราชการตาม Competency', 'คุณนวรัตน์ ศรีศิวิไล', '463', 50, '2026-01-20', '2026-01-20 08:30:00', '2026-01-20 16:30:00', 1, 0, 0, 0, 0, 0, 1, 1, ''),
(39, 4, 1, 55, NULL, NULL, 'ประชุมคณะกรรมการที่ปรึกษาโรงพยาบาลมะเร็งลพบุรี ครั้งที่ 1/2569', 'คุณสิรวีร์ กีรติฉายาสิทธิ์', '119', 25, '0000-00-00', '2026-01-20 13:30:00', '2026-01-20 16:30:00', 1, 0, 0, 0, 0, 1, 0, 0, ''),
(40, 2, 1, 55, NULL, NULL, ' โครงการอบรมเพิ่มพูนทักษะด้านวิชาการเพื่อตำแหน่งที่สูงขึ้นสำหรับพยาบาลวิชาชีพ', 'คุณรักษิณา ทิศอากาศ', '445', 30, '2026-03-30', '2026-03-30 08:00:00', '2026-03-30 16:30:00', 1, 0, 1, 0, 0, 1, 1, 1, ''),
(41, 2, 1, 55, NULL, NULL, ' โครงการอบรมเพิ่มพูนทักษะด้านวิชาการเพื่อตำแหน่งที่สูงขึ้นสำหรับพยาบาลวิชาชีพ', 'คุณรักษิณา ทิศอากาศ', '445', 30, '2026-03-31', '2026-03-31 08:00:00', '2026-03-31 16:30:00', 1, 0, 1, 0, 0, 1, 1, 1, ''),
(42, 5, 1, 55, NULL, NULL, 'จอง', 'คุณสุมัลธินีย์ ช้างจวง', '-', 1, '0000-00-00', '2026-04-08 08:00:00', '2026-04-08 16:00:00', 0, 0, 0, 0, 0, 0, 0, 0, ''),
(43, 5, 1, 55, NULL, NULL, 'จอง', 'คุณสุมัลธินีย์ ช้างจวง', '-', 1, '0000-00-00', '2026-04-09 08:00:00', '2026-04-09 16:00:00', 0, 0, 0, 0, 0, 0, 0, 0, ''),
(44, 5, 1, 55, NULL, NULL, 'จอง', 'คุณสุมัลธินีย์ ช้างจวง', '-', 1, '0000-00-00', '2026-04-10 08:00:00', '2026-04-10 16:00:00', 0, 0, 0, 0, 0, 0, 0, 0, ''),
(45, 6, 1, 55, NULL, NULL, 'ประชุมจัดโครงการฝึกพูดด้วยหลอดอาหาร', 'คุณบุศรินทร์ เผด็จทุกข์', '548', 50, '0000-00-00', '2026-04-20 08:00:00', '2026-04-20 14:00:00', 1, 0, 0, 0, 0, 1, 0, 0, ''),
(46, 6, 1, 55, NULL, NULL, 'จอง', 'คุณมณีรัตน์ ศรีไพโรจน์', '-', 1, '0000-00-00', '2026-05-06 08:00:00', '2026-05-06 16:00:00', 0, 0, 0, 0, 0, 0, 0, 0, ''),
(47, 6, 1, 55, NULL, NULL, 'จอง', 'คุณมณีรัตน์ ศรีไพโรจน์', '-', 1, '0000-00-00', '2026-05-07 08:00:00', '2026-05-07 16:00:00', 0, 0, 0, 0, 0, 0, 0, 0, ''),
(48, 6, 1, 55, NULL, NULL, 'จอง', 'คุณมณีรัตน์ ศรีไพโรจน์', '-', 1, '0000-00-00', '2026-05-08 08:00:00', '2026-05-08 16:00:00', 0, 0, 0, 0, 0, 0, 0, 0, ''),
(49, 6, 1, 55, NULL, NULL, 'ประชุมจัดโครงการฝึกพูดด้วยหลอดอาหาร', 'คุณบุศรินทร์ เผด็จทุกข์', '548', 50, '0000-00-00', '2026-05-18 08:00:00', '2026-05-18 14:00:00', 1, 0, 0, 0, 0, 1, 0, 0, ''),
(50, 2, 1, 55, NULL, NULL, 'ประชุมจัดการความรู้ (KM)', 'คุณสุมัลธินีย์ ช้างจวง', '444,445', 20, '2026-01-21', '2026-01-21 08:00:00', '2026-01-21 16:00:00', 1, 0, 0, 0, 0, 0, 1, 1, ''),
(51, 2, 1, 55, NULL, NULL, 'โครงการอบรมเพิ่มพูนทักษะด้านวิชาการเพื่อตำแหน่งที่สูงขึ้นสำหรับพยาบาลวิชาชีพ\r\n\r\n', 'คุณรักษิณา ทิศอากาศ', '445', 30, '2026-05-28', '2026-05-28 08:00:00', '2026-05-28 16:30:00', 1, 0, 1, 0, 0, 1, 1, 1, ''),
(52, 2, 1, 55, NULL, NULL, 'โครงการอบรมเพิ่มพูนทักษะด้านวิชาการเพื่อตำแหน่งที่สูงขึ้นสำหรับพยาบาลวิชาชีพ\r\n\r\n', 'คุณรักษิณา ทิศอากาศ', '445', 30, '2026-05-29', '2026-05-29 08:00:00', '2026-05-29 16:30:00', 1, 0, 1, 0, 0, 1, 1, 1, ''),
(53, 2, 1, 55, NULL, NULL, 'โครงการอบรมเพิ่มพูนทักษะด้านวิชาการเพื่อตำแหน่งที่สูงขึ้นสำหรับพยาบาลวิชาชีพ', 'คุณรักษิณา ทิศอากาศ', '445', 30, '2026-01-22', '2026-01-22 08:00:00', '2026-01-22 16:30:00', 1, 0, 1, 0, 0, 1, 1, 1, ''),
(54, 2, 1, 55, NULL, NULL, 'โครงการอบรมเพิ่มพูนทักษะด้านวิชาการเพื่อตำแหน่งที่สูงขึ้นสำหรับพยาบาลวิชาชีพ\r\n\r\n', 'คุณรักษิณา ทิศอากาศ', '445', 30, '2026-07-23', '2026-07-23 08:00:00', '2026-07-23 16:30:00', 1, 0, 1, 0, 0, 0, 1, 1, ''),
(55, 2, 1, 55, NULL, NULL, 'โครงการอบรมเพิ่มพูนทักษะด้านวิชาการเพื่อตำแหน่งที่สูงขึ้นสำหรับพยาบาลวิชาชีพ\r\n\r\n', 'คุณรักษิณา ทิศอากาศ', '445', 30, '2026-07-24', '2026-07-24 08:00:00', '2026-07-24 16:30:00', 1, 0, 1, 0, 0, 0, 1, 1, ''),
(56, 6, 1, 55, NULL, NULL, 'ประชุมจัดโครงการฝึกพูดด้วยหลอดอาหาร\r\n\r\n', 'คุณบุศรินทร์ เผด็จทุกข์', '548', 50, '0000-00-00', '2026-06-08 08:00:00', '2026-06-08 14:00:00', 1, 0, 0, 0, 0, 1, 0, 0, ''),
(57, 2, 1, 55, NULL, NULL, 'โครงการอบรมเพิ่มพูนทักษะด้านวิชาการเพื่อตำแหน่งที่สูงขึ้นสำหรับพยาบาลวิชาชีพ', 'คุณรักษิณา ทิศอากาศ', '445', 30, '2026-01-22', '2026-01-23 08:00:00', '2026-01-23 16:30:00', 1, 0, 0, 0, 0, 1, 1, 1, ''),
(58, 6, 1, 55, NULL, NULL, 'ประชุมจัดโครงการฝึกพูดด้วยหลอดอาหาร\r\n\r\n', 'คุณบุศรินทร์ เผด็จทุกข์', '548', 50, '0000-00-00', '2026-07-13 08:00:00', '2026-07-13 14:00:00', 1, 0, 0, 0, 0, 1, 0, 0, ''),
(59, 6, 1, 55, NULL, NULL, 'ประชุมจัดโครงการฝึกพูดด้วยหลอดอาหาร\r\n\r\n', 'คุณบุศรินทร์ เผด็จทุกข์', '548', 50, '0000-00-00', '2026-08-03 08:00:00', '2026-08-03 14:00:00', 1, 0, 0, 0, 0, 1, 0, 0, ''),
(60, 3, 1, 55, NULL, NULL, 'ประชุม R2R ประจำปี 2569\r\n\r\n', 'คุณวันวิสา มังกรเพชร', '173', 90, '0000-00-00', '2026-07-13 08:30:00', '2026-07-13 16:00:00', 1, 0, 1, 0, 0, 1, 0, 0, ''),
(61, 4, 1, 55, NULL, NULL, 'รับรองเจ้าหน้าที่โรงพยาบาลมหาวชิราลงกรณ์ธัญบุรี', 'คุณศศิพิชายา', '592', 30, '0000-00-00', '2026-01-23 08:30:00', '2026-01-23 16:30:00', 1, 1, 0, 0, 0, 0, 1, 1, ''),
(62, 3, 1, 55, NULL, NULL, 'ประชุม R2R ประจำปี 2569\r\n\r\n', 'คุณวันวิสา มังกรเพชร', '173', 90, '0000-00-00', '2026-07-14 08:30:00', '2026-07-14 16:00:00', 1, 0, 1, 0, 0, 1, 0, 0, ''),
(63, 3, 1, 55, NULL, NULL, 'ประชุม R2R ประจำปี 2569\r\n\r\n', 'คุณวันวิสา มังกรเพชร', '173', 90, '0000-00-00', '2026-07-15 08:30:00', '2026-07-15 16:00:00', 1, 0, 1, 0, 0, 1, 0, 0, ''),
(64, 3, 1, 55, NULL, NULL, 'ประชุม R2R ประจำปี 2569 ณ ห้องประชุมพระวิสุธาธิบดี ในวันที่ 26-28 ม.ค. 69/ 16-18\r\nมี.ค. 69/ 13-15 ก.', 'คุณวันวิสา มังกรเพชร', '173', 90, '0000-00-00', '2026-01-26 08:30:00', '2026-01-26 16:00:00', 1, 0, 1, 0, 0, 1, 0, 0, ''),
(65, 1, 1, 55, NULL, NULL, 'โครงการตรวจวิศวกรรมความปลอดภัยในโรงพยาบาล ณ ห้องประชุมอำนวยการ', 'คุณศศิธร ยิ้มเอี่ยมวัฒนา', '599', 20, '0000-00-00', '2026-01-26 08:30:00', '2026-01-26 16:30:00', 0, 1, 1, 0, 0, 0, 0, 0, '');

-- --------------------------------------------------------

--
-- Table structure for table `table_style`
--

CREATE TABLE `table_style` (
  `table_style_id` int(11) NOT NULL,
  `Table_style` varchar(50) COLLATE utf8mb4_general_ci NOT NULL
) ENGINE=InnoDB DEFAULT CHARSET=utf8mb4 COLLATE=utf8mb4_general_ci;

--
-- Dumping data for table `table_style`
--

INSERT INTO `table_style` (`table_style_id`, `Table_style`) VALUES
(1, 'Classroom'),
(2, 'รูปตัว  U'),
(3, 'other');

--
-- Indexes for dumped tables
--

--
-- Indexes for table `groupwork`
--
ALTER TABLE `groupwork`
  ADD PRIMARY KEY (`id_group`);

--
-- Indexes for table `room`
--
ALTER TABLE `room`
  ADD PRIMARY KEY (`room_id`);

--
-- Indexes for table `room_appoinment`
--
ALTER TABLE `room_appoinment`
  ADD PRIMARY KEY (`room_appoinment_id`),
  ADD KEY `room_id` (`room_id`),
  ADD KEY `table_style_id` (`table_style_id`),
  ADD KEY `	id_group` (`id_group`);

--
-- Indexes for table `table_style`
--
ALTER TABLE `table_style`
  ADD PRIMARY KEY (`table_style_id`);

--
-- AUTO_INCREMENT for dumped tables
--

--
-- AUTO_INCREMENT for table `room`
--
ALTER TABLE `room`
  MODIFY `room_id` int(11) NOT NULL AUTO_INCREMENT, AUTO_INCREMENT=8;

--
-- AUTO_INCREMENT for table `room_appoinment`
--
ALTER TABLE `room_appoinment`
  MODIFY `room_appoinment_id` int(11) NOT NULL AUTO_INCREMENT COMMENT 'Primary key', AUTO_INCREMENT=68;

--
-- AUTO_INCREMENT for table `table_style`
--
ALTER TABLE `table_style`
  MODIFY `table_style_id` int(11) NOT NULL AUTO_INCREMENT, AUTO_INCREMENT=4;

--
-- Constraints for dumped tables
--

--
-- Constraints for table `room_appoinment`
--
ALTER TABLE `room_appoinment`
  ADD CONSTRAINT `room_appoinment_ibfk_1` FOREIGN KEY (`room_id`) REFERENCES `room` (`room_id`),
  ADD CONSTRAINT `room_appoinment_ibfk_2` FOREIGN KEY (`table_style_id`) REFERENCES `table_style` (`table_style_id`),
  ADD CONSTRAINT `room_appoinment_ibfk_3` FOREIGN KEY (`id_group`) REFERENCES `groupwork` (`id_group`);
COMMIT;

/*!40101 SET CHARACTER_SET_CLIENT=@OLD_CHARACTER_SET_CLIENT */;
/*!40101 SET CHARACTER_SET_RESULTS=@OLD_CHARACTER_SET_RESULTS */;
/*!40101 SET COLLATION_CONNECTION=@OLD_COLLATION_CONNECTION */;
